dataset,horizon,unit,label,model,feature_set,n_features,features,n_train,n_validation,n_test,test_positives,test_prevalence,roc_auc,average_precision,relative_ap,delta_ap_vs_graph,delta_ap_ci_low,delta_ap_ci_high
emaileu,7.0,day,y_dyad,LogReg,GRAPH,20,f_fwd|f_rev|f_recip|f_balance|f_pair_pErec|f_pair_latency|f_outdeg_s|f_indeg_v|f_cn|f_status_s|f_status_v|f_status_gap|f_2step_sv|f_2step_vs|f_rc|f_mn_in|f_mn_out|f_jaccard_in|f_jaccard_out|f_adamic_adar,68609,32551,33946,16430,0.4840040063630472,0.8100154321995771,0.8022862603661524,1.657602519439404,,,
emaileu,7.0,day,y_dyad,LogReg,GRAPH+SIZE,21,f_fwd|f_rev|f_recip|f_balance|f_pair_pErec|f_pair_latency|f_outdeg_s|f_indeg_v|f_cn|f_status_s|f_status_v|f_status_gap|f_2step_sv|f_2step_vs|f_rc|f_mn_in|f_mn_out|f_jaccard_in|f_jaccard_out|f_adamic_adar|h_rsize,68609,32551,33946,16430,0.4840040063630472,0.814661267180536,0.8069549240148441,1.6672484388684052,0.004668663648691784,,
emaileu,7.0,day,y_dyad,LogReg,GRAPH+GROUP_NO_SIZE,24,f_fwd|f_rev|f_recip|f_balance|f_pair_pErec|f_pair_latency|f_outdeg_s|f_indeg_v|f_cn|f_status_s|f_status_v|f_status_gap|f_2step_sv|f_2step_vs|f_rc|f_mn_in|f_mn_out|f_jaccard_in|f_jaccard_out|f_adamic_adar|h_team_turntaking|h_gir|h_r4_lead|h_team_leaders,68609,32551,33946,16430,0.4840040063630472,0.8134587738719226,0.8059456670085674,1.665163214380574,0.0036594066424150418,,
emaileu,7.0,day,y_dyad,LogReg,FULL_HYPERGRAPH,25,f_fwd|f_rev|f_recip|f_balance|f_pair_pErec|f_pair_latency|f_outdeg_s|f_indeg_v|f_cn|f_status_s|f_status_v|f_status_gap|f_2step_sv|f_2step_vs|f_rc|f_mn_in|f_mn_out|f_jaccard_in|f_jaccard_out|f_adamic_adar|h_rsize|h_team_turntaking|h_gir|h_r4_lead|h_team_leaders,68609,32551,33946,16430,0.4840040063630472,0.815743678990234,0.8081036833071575,1.6696218888341308,0.005817422941005179,,
emaileu,7.0,day,y_dyad,LogReg,FULL+CANDIDATES,26,f_fwd|f_rev|f_recip|f_balance|f_pair_pErec|f_pair_latency|f_outdeg_s|f_indeg_v|f_cn|f_status_s|f_status_v|f_status_gap|f_2step_sv|f_2step_vs|f_rc|f_mn_in|f_mn_out|f_jaccard_in|f_jaccard_out|f_adamic_adar|h_rsize|h_team_turntaking|h_gir|h_r4_lead|h_team_leaders|h_s_group_indeg,68609,32551,33946,16430,0.4840040063630472,0.8156928012395797,0.8080176315222556,1.669444097361807,0.0057313711561032266,,
emaileu,7.0,day,y_dyad,LogReg,SELECTED,7,f_rev|h_r4_lead|h_gir|f_indeg_v|f_cn|f_pair_pErec|h_rsize,68609,32551,33946,16430,0.4840040063630472,0.812232212489282,0.8063295169047436,1.6659562861137205,0.004043256538591278,,
emaileu,7.0,day,y_dyad,LightGBM,GRAPH,20,f_fwd|f_rev|f_recip|f_balance|f_pair_pErec|f_pair_latency|f_outdeg_s|f_indeg_v|f_cn|f_status_s|f_status_v|f_status_gap|f_2step_sv|f_2step_vs|f_rc|f_mn_in|f_mn_out|f_jaccard_in|f_jaccard_out|f_adamic_adar,68609,32551,33946,16430,0.4840040063630472,0.8209303776100648,0.807542208139616,1.66846182577647,,,
emaileu,7.0,day,y_dyad,LightGBM,GRAPH+SIZE,21,f_fwd|f_rev|f_recip|f_balance|f_pair_pErec|f_pair_latency|f_outdeg_s|f_indeg_v|f_cn|f_status_s|f_status_v|f_status_gap|f_2step_sv|f_2step_vs|f_rc|f_mn_in|f_mn_out|f_jaccard_in|f_jaccard_out|f_adamic_adar|h_rsize,68609,32551,33946,16430,0.4840040063630472,0.8226082245020185,0.8068218095630069,1.6669734112858083,-0.0007203985766091048,-0.0023063088301899376,0.00067823017811804
emaileu,7.0,day,y_dyad,LightGBM,GRAPH+GROUP_NO_SIZE,24,f_fwd|f_rev|f_recip|f_balance|f_pair_pErec|f_pair_latency|f_outdeg_s|f_indeg_v|f_cn|f_status_s|f_status_v|f_status_gap|f_2step_sv|f_2step_vs|f_rc|f_mn_in|f_mn_out|f_jaccard_in|f_jaccard_out|f_adamic_adar|h_team_turntaking|h_gir|h_r4_lead|h_team_leaders,68609,32551,33946,16430,0.4840040063630472,0.8229162065476838,0.8082244264720697,1.6698713561181302,0.0006822183324537434,-0.0005957965733438209,0.0022746875761631338
emaileu,7.0,day,y_dyad,LightGBM,FULL_HYPERGRAPH,25,f_fwd|f_rev|f_recip|f_balance|f_pair_pErec|f_pair_latency|f_outdeg_s|f_indeg_v|f_cn|f_status_s|f_status_v|f_status_gap|f_2step_sv|f_2step_vs|f_rc|f_mn_in|f_mn_out|f_jaccard_in|f_jaccard_out|f_adamic_adar|h_rsize|h_team_turntaking|h_gir|h_r4_lead|h_team_leaders,68609,32551,33946,16430,0.4840040063630472,0.8229497816238822,0.810818230996933,1.6752304120159396,0.0032760228573169847,0.001684787536582219,0.004789805082927505
emaileu,7.0,day,y_dyad,LightGBM,FULL+CANDIDATES,26,f_fwd|f_rev|f_recip|f_balance|f_pair_pErec|f_pair_latency|f_outdeg_s|f_indeg_v|f_cn|f_status_s|f_status_v|f_status_gap|f_2step_sv|f_2step_vs|f_rc|f_mn_in|f_mn_out|f_jaccard_in|f_jaccard_out|f_adamic_adar|h_rsize|h_team_turntaking|h_gir|h_r4_lead|h_team_leaders|h_s_group_indeg,68609,32551,33946,16430,0.4840040063630472,0.8234884335643322,0.8099392070745784,1.6734142619204893,0.00239699893496248,0.0007304166839569914,0.004241040166667352
emaileu,7.0,day,y_dyad,LightGBM,SELECTED,7,f_rev|h_r4_lead|h_gir|f_indeg_v|f_cn|f_pair_pErec|h_rsize,68609,32551,33946,16430,0.4840040063630472,0.815447505989481,0.801571293825782,1.656125328071211,-0.005970914313834008,-0.009519607360266438,-0.0030611936053822285
emaileu,7.0,day,y_mode,LogReg,GRAPH,20,f_fwd|f_rev|f_recip|f_balance|f_pair_pErec|f_pair_latency|f_outdeg_s|f_indeg_v|f_cn|f_status_s|f_status_v|f_status_gap|f_2step_sv|f_2step_vs|f_rc|f_mn_in|f_mn_out|f_jaccard_in|f_jaccard_out|f_adamic_adar,30045,13948,16430,6652,0.40486914181375533,0.7055269496348707,0.5925894316554072,1.463656699052667,,,
emaileu,7.0,day,y_mode,LogReg,GRAPH+SIZE,21,f_fwd|f_rev|f_recip|f_balance|f_pair_pErec|f_pair_latency|f_outdeg_s|f_indeg_v|f_cn|f_status_s|f_status_v|f_status_gap|f_2step_sv|f_2step_vs|f_rc|f_mn_in|f_mn_out|f_jaccard_in|f_jaccard_out|f_adamic_adar|h_rsize,30045,13948,16430,6652,0.40486914181375533,0.7227188319108748,0.597183599257689,1.4750039891466973,0.004594167602281818,,
emaileu,7.0,day,y_mode,LogReg,GRAPH+GROUP_NO_SIZE,24,f_fwd|f_rev|f_recip|f_balance|f_pair_pErec|f_pair_latency|f_outdeg_s|f_indeg_v|f_cn|f_status_s|f_status_v|f_status_gap|f_2step_sv|f_2step_vs|f_rc|f_mn_in|f_mn_out|f_jaccard_in|f_jaccard_out|f_adamic_adar|h_team_turntaking|h_gir|h_r4_lead|h_team_leaders,30045,13948,16430,6652,0.40486914181375533,0.8047263501076883,0.71099795966621,1.7561179310456752,0.11840852801080282,,
emaileu,7.0,day,y_mode,LogReg,FULL_HYPERGRAPH,25,f_fwd|f_rev|f_recip|f_balance|f_pair_pErec|f_pair_latency|f_outdeg_s|f_indeg_v|f_cn|f_status_s|f_status_v|f_status_gap|f_2step_sv|f_2step_vs|f_rc|f_mn_in|f_mn_out|f_jaccard_in|f_jaccard_out|f_adamic_adar|h_rsize|h_team_turntaking|h_gir|h_r4_lead|h_team_leaders,30045,13948,16430,6652,0.40486914181375533,0.804349385584264,0.706448612011625,1.744881343257817,0.11385918035621778,,
emaileu,7.0,day,y_mode,LogReg,FULL+CANDIDATES,26,f_fwd|f_rev|f_recip|f_balance|f_pair_pErec|f_pair_latency|f_outdeg_s|f_indeg_v|f_cn|f_status_s|f_status_v|f_status_gap|f_2step_sv|f_2step_vs|f_rc|f_mn_in|f_mn_out|f_jaccard_in|f_jaccard_out|f_adamic_adar|h_rsize|h_team_turntaking|h_gir|h_r4_lead|h_team_leaders|h_s_group_indeg,30045,13948,16430,6652,0.40486914181375533,0.8043186214417064,0.7055660758835784,1.7427015373973533,0.11297664422817122,,
emaileu,7.0,day,y_mode,LogReg,SELECTED,14,f_rev|f_recip|f_pair_pErec|f_outdeg_s|f_indeg_v|f_cn|f_status_gap|f_2step_vs|f_adamic_adar|h_rsize|h_gir|h_r4_lead|f_fwd|f_status_s,30045,13948,16430,6652,0.40486914181375533,0.7968575865882236,0.6963861605002882,1.7200277536109043,0.103796728844881,,
emaileu,7.0,day,y_mode,LightGBM,GRAPH,20,f_fwd|f_rev|f_recip|f_balance|f_pair_pErec|f_pair_latency|f_outdeg_s|f_indeg_v|f_cn|f_status_s|f_status_v|f_status_gap|f_2step_sv|f_2step_vs|f_rc|f_mn_in|f_mn_out|f_jaccard_in|f_jaccard_out|f_adamic_adar,30045,13948,16430,6652,0.40486914181375533,0.7337804168352211,0.6390530911324661,1.5784188645980786,,,
emaileu,7.0,day,y_mode,LightGBM,GRAPH+SIZE,21,f_fwd|f_rev|f_recip|f_balance|f_pair_pErec|f_pair_latency|f_outdeg_s|f_indeg_v|f_cn|f_status_s|f_status_v|f_status_gap|f_2step_sv|f_2step_vs|f_rc|f_mn_in|f_mn_out|f_jaccard_in|f_jaccard_out|f_adamic_adar|h_rsize,30045,13948,16430,6652,0.40486914181375533,0.7672661405511434,0.6781997069821029,1.675108416373414,0.039146615849636746,0.034177891857872705,0.04469790419732662
emaileu,7.0,day,y_mode,LightGBM,GRAPH+GROUP_NO_SIZE,24,f_fwd|f_rev|f_recip|f_balance|f_pair_pErec|f_pair_latency|f_outdeg_s|f_indeg_v|f_cn|f_status_s|f_status_v|f_status_gap|f_2step_sv|f_2step_vs|f_rc|f_mn_in|f_mn_out|f_jaccard_in|f_jaccard_out|f_adamic_adar|h_team_turntaking|h_gir|h_r4_lead|h_team_leaders,30045,13948,16430,6652,0.40486914181375533,0.8367449578477437,0.765514813204468,1.8907709532395385,0.1264617220720019,0.11627782909676337,0.13763784148076139
emaileu,7.0,day,y_mode,LightGBM,FULL_HYPERGRAPH,25,f_fwd|f_rev|f_recip|f_balance|f_pair_pErec|f_pair_latency|f_outdeg_s|f_indeg_v|f_cn|f_status_s|f_status_v|f_status_gap|f_2step_sv|f_2step_vs|f_rc|f_mn_in|f_mn_out|f_jaccard_in|f_jaccard_out|f_adamic_adar|h_rsize|h_team_turntaking|h_gir|h_r4_lead|h_team_leaders,30045,13948,16430,6652,0.40486914181375533,0.8463817678499981,0.7827348772884288,1.9333033724968258,0.14368178615596272,0.13104856853961788,0.15239299840960469
emaileu,7.0,day,y_mode,LightGBM,FULL+CANDIDATES,26,f_fwd|f_rev|f_recip|f_balance|f_pair_pErec|f_pair_latency|f_outdeg_s|f_indeg_v|f_cn|f_status_s|f_status_v|f_status_gap|f_2step_sv|f_2step_vs|f_rc|f_mn_in|f_mn_out|f_jaccard_in|f_jaccard_out|f_adamic_adar|h_rsize|h_team_turntaking|h_gir|h_r4_lead|h_team_leaders|h_s_group_indeg,30045,13948,16430,6652,0.40486914181375533,0.8445809893034877,0.779457761562547,1.925209113420422,0.14040467043008087,0.12918931649468085,0.15274551424312946
emaileu,7.0,day,y_mode,LightGBM,SELECTED,14,f_rev|f_recip|f_pair_pErec|f_outdeg_s|f_indeg_v|f_cn|f_status_gap|f_2step_vs|f_adamic_adar|h_rsize|h_gir|h_r4_lead|f_fwd|f_status_s,30045,13948,16430,6652,0.40486914181375533,0.833647803547842,0.7621841252278483,1.8825443742473764,0.12313103409538217,0.1125361936121057,0.132232593267764
emaileu,7.0,day,y_group_exact,LogReg,GRAPH,20,f_fwd|f_rev|f_recip|f_balance|f_pair_pErec|f_pair_latency|f_outdeg_s|f_indeg_v|f_cn|f_status_s|f_status_v|f_status_gap|f_2step_sv|f_2step_vs|f_rc|f_mn_in|f_mn_out|f_jaccard_in|f_jaccard_out|f_adamic_adar,68609,32551,33946,2545,0.07497201437577329,0.8002557074471557,0.2339789752337304,3.120884201683384,,,
emaileu,7.0,day,y_group_exact,LogReg,GRAPH+SIZE,21,f_fwd|f_rev|f_recip|f_balance|f_pair_pErec|f_pair_latency|f_outdeg_s|f_indeg_v|f_cn|f_status_s|f_status_v|f_status_gap|f_2step_sv|f_2step_vs|f_rc|f_mn_in|f_mn_out|f_jaccard_in|f_jaccard_out|f_adamic_adar|h_rsize,68609,32551,33946,2545,0.07497201437577329,0.8348051058151453,0.2645371701366112,3.5284788909459346,0.03055819490288081,,
emaileu,7.0,day,y_group_exact,LogReg,GRAPH+GROUP_NO_SIZE,24,f_fwd|f_rev|f_recip|f_balance|f_pair_pErec|f_pair_latency|f_outdeg_s|f_indeg_v|f_cn|f_status_s|f_status_v|f_status_gap|f_2step_sv|f_2step_vs|f_rc|f_mn_in|f_mn_out|f_jaccard_in|f_jaccard_out|f_adamic_adar|h_team_turntaking|h_gir|h_r4_lead|h_team_leaders,68609,32551,33946,2545,0.07497201437577329,0.8887425594106878,0.3476938673748717,4.63764873159426,0.11371489214114128,,
emaileu,7.0,day,y_group_exact,LogReg,FULL_HYPERGRAPH,25,f_fwd|f_rev|f_recip|f_balance|f_pair_pErec|f_pair_latency|f_outdeg_s|f_indeg_v|f_cn|f_status_s|f_status_v|f_status_gap|f_2step_sv|f_2step_vs|f_rc|f_mn_in|f_mn_out|f_jaccard_in|f_jaccard_out|f_adamic_adar|h_rsize|h_team_turntaking|h_gir|h_r4_lead|h_team_leaders,68609,32551,33946,2545,0.07497201437577329,0.8901126057514842,0.3399977948599129,4.534996127432064,0.10601881962618248,,
emaileu,7.0,day,y_group_exact,LogReg,FULL+CANDIDATES,26,f_fwd|f_rev|f_recip|f_balance|f_pair_pErec|f_pair_latency|f_outdeg_s|f_indeg_v|f_cn|f_status_s|f_status_v|f_status_gap|f_2step_sv|f_2step_vs|f_rc|f_mn_in|f_mn_out|f_jaccard_in|f_jaccard_out|f_adamic_adar|h_rsize|h_team_turntaking|h_gir|h_r4_lead|h_team_leaders|h_s_group_indeg,68609,32551,33946,2545,0.07497201437577329,0.8908300881887248,0.33844300700791063,4.5142578844363594,0.10446403177418023,,
emaileu,7.0,day,y_group_exact,LogReg,SELECTED,12,f_fwd|f_balance|f_pair_pErec|f_pair_latency|f_status_s|f_status_gap|f_2step_vs|f_jaccard_out|h_rsize|h_team_turntaking|h_gir|h_team_leaders,68609,32551,33946,2545,0.07497201437577329,0.8858105641399304,0.3411647555313913,4.550561411107508,0.1071857802976609,,
emaileu,7.0,day,y_group_exact,LightGBM,GRAPH,20,f_fwd|f_rev|f_recip|f_balance|f_pair_pErec|f_pair_latency|f_outdeg_s|f_indeg_v|f_cn|f_status_s|f_status_v|f_status_gap|f_2step_sv|f_2step_vs|f_rc|f_mn_in|f_mn_out|f_jaccard_in|f_jaccard_out|f_adamic_adar,68609,32551,33946,2545,0.07497201437577329,0.8085270206190797,0.24335544550798113,3.24595047277561,,,
emaileu,7.0,day,y_group_exact,LightGBM,GRAPH+SIZE,21,f_fwd|f_rev|f_recip|f_balance|f_pair_pErec|f_pair_latency|f_outdeg_s|f_indeg_v|f_cn|f_status_s|f_status_v|f_status_gap|f_2step_sv|f_2step_vs|f_rc|f_mn_in|f_mn_out|f_jaccard_in|f_jaccard_out|f_adamic_adar|h_rsize,68609,32551,33946,2545,0.07497201437577329,0.8344513135710956,0.2598724254653844,3.4662590785257126,0.016516979957403283,0.006281184139784445,0.025056752816966607
emaileu,7.0,day,y_group_exact,LightGBM,GRAPH+GROUP_NO_SIZE,24,f_fwd|f_rev|f_recip|f_balance|f_pair_pErec|f_pair_latency|f_outdeg_s|f_indeg_v|f_cn|f_status_s|f_status_v|f_status_gap|f_2step_sv|f_2step_vs|f_rc|f_mn_in|f_mn_out|f_jaccard_in|f_jaccard_out|f_adamic_adar|h_team_turntaking|h_gir|h_r4_lead|h_team_leaders,68609,32551,33946,2545,0.07497201437577329,0.8972038356242205,0.3807989227748702,5.079214236744889,0.13744347726688907,0.12110305038338268,0.15000400883528342
emaileu,7.0,day,y_group_exact,LightGBM,FULL_HYPERGRAPH,25,f_fwd|f_rev|f_recip|f_balance|f_pair_pErec|f_pair_latency|f_outdeg_s|f_indeg_v|f_cn|f_status_s|f_status_v|f_status_gap|f_2step_sv|f_2step_vs|f_rc|f_mn_in|f_mn_out|f_jaccard_in|f_jaccard_out|f_adamic_adar|h_rsize|h_team_turntaking|h_gir|h_r4_lead|h_team_leaders,68609,32551,33946,2545,0.07497201437577329,0.8965622645756842,0.3845943583190618,5.1298389341842325,0.14123891281108067,0.12696924530760376,0.15694035649159704
emaileu,7.0,day,y_group_exact,LightGBM,FULL+CANDIDATES,26,f_fwd|f_rev|f_recip|f_balance|f_pair_pErec|f_pair_latency|f_outdeg_s|f_indeg_v|f_cn|f_status_s|f_status_v|f_status_gap|f_2step_sv|f_2step_vs|f_rc|f_mn_in|f_mn_out|f_jaccard_in|f_jaccard_out|f_adamic_adar|h_rsize|h_team_turntaking|h_gir|h_r4_lead|h_team_leaders|h_s_group_indeg,68609,32551,33946,2545,0.07497201437577329,0.8976729558685985,0.38385061708321805,5.119918682713918,0.14049517157523692,0.12760666624602054,0.15189452710573867
emaileu,7.0,day,y_group_exact,LightGBM,SELECTED,12,f_fwd|f_balance|f_pair_pErec|f_pair_latency|f_status_s|f_status_gap|f_2step_vs|f_jaccard_out|h_rsize|h_team_turntaking|h_gir|h_team_leaders,68609,32551,33946,2545,0.07497201437577329,0.8885775351966879,0.3624293158989394,4.834194718076777,0.11907387039095826,0.10069309482604707,0.13566690269105916
emaileu,30.0,day,y_dyad,LogReg,GRAPH,20,f_fwd|f_rev|f_recip|f_balance|f_pair_pErec|f_pair_latency|f_outdeg_s|f_indeg_v|f_cn|f_status_s|f_status_v|f_status_gap|f_2step_sv|f_2step_vs|f_rc|f_mn_in|f_mn_out|f_jaccard_in|f_jaccard_out|f_adamic_adar,63244,31693,33946,22157,0.6527131326224003,0.8304147692563262,0.8972961887383892,1.3747175349963154,,,
emaileu,30.0,day,y_dyad,LogReg,GRAPH+SIZE,21,f_fwd|f_rev|f_recip|f_balance|f_pair_pErec|f_pair_latency|f_outdeg_s|f_indeg_v|f_cn|f_status_s|f_status_v|f_status_gap|f_2step_sv|f_2step_vs|f_rc|f_mn_in|f_mn_out|f_jaccard_in|f_jaccard_out|f_adamic_adar|h_rsize,63244,31693,33946,22157,0.6527131326224003,0.8290282811334666,0.8971450272300211,1.3744859454957936,-0.00015116150836813613,,
emaileu,30.0,day,y_dyad,LogReg,GRAPH+GROUP_NO_SIZE,24,f_fwd|f_rev|f_recip|f_balance|f_pair_pErec|f_pair_latency|f_outdeg_s|f_indeg_v|f_cn|f_status_s|f_status_v|f_status_gap|f_2step_sv|f_2step_vs|f_rc|f_mn_in|f_mn_out|f_jaccard_in|f_jaccard_out|f_adamic_adar|h_team_turntaking|h_gir|h_r4_lead|h_team_leaders,63244,31693,33946,22157,0.6527131326224003,0.831527690868296,0.8981597714251713,1.3760406012004724,0.000863582686782105,,
emaileu,30.0,day,y_dyad,LogReg,FULL_HYPERGRAPH,25,f_fwd|f_rev|f_recip|f_balance|f_pair_pErec|f_pair_latency|f_outdeg_s|f_indeg_v|f_cn|f_status_s|f_status_v|f_status_gap|f_2step_sv|f_2step_vs|f_rc|f_mn_in|f_mn_out|f_jaccard_in|f_jaccard_out|f_adamic_adar|h_rsize|h_team_turntaking|h_gir|h_r4_lead|h_team_leaders,63244,31693,33946,22157,0.6527131326224003,0.8299709635055161,0.8977371192369441,1.3753930698929144,0.0004409304985548701,,
emaileu,30.0,day,y_dyad,LogReg,FULL+CANDIDATES,26,f_fwd|f_rev|f_recip|f_balance|f_pair_pErec|f_pair_latency|f_outdeg_s|f_indeg_v|f_cn|f_status_s|f_status_v|f_status_gap|f_2step_sv|f_2step_vs|f_rc|f_mn_in|f_mn_out|f_jaccard_in|f_jaccard_out|f_adamic_adar|h_rsize|h_team_turntaking|h_gir|h_r4_lead|h_team_leaders|h_s_group_indeg,63244,31693,33946,22157,0.6527131326224003,0.830042628375798,0.8977419474211806,1.3754004669927968,0.0004457586827913973,,
emaileu,30.0,day,y_dyad,LogReg,SELECTED,6,f_rev|f_pair_latency|f_status_s|f_2step_vs|h_team_leaders|h_s_group_indeg,63244,31693,33946,22157,0.6527131326224003,0.824084664612446,0.8962768916080296,1.3731559038915997,-0.001019297130359642,,
emaileu,30.0,day,y_dyad,LightGBM,GRAPH,20,f_fwd|f_rev|f_recip|f_balance|f_pair_pErec|f_pair_latency|f_outdeg_s|f_indeg_v|f_cn|f_status_s|f_status_v|f_status_gap|f_2step_sv|f_2step_vs|f_rc|f_mn_in|f_mn_out|f_jaccard_in|f_jaccard_out|f_adamic_adar,63244,31693,33946,22157,0.6527131326224003,0.8380992612758604,0.9027228297525746,1.3830315105285416,,,
emaileu,30.0,day,y_dyad,LightGBM,GRAPH+SIZE,21,f_fwd|f_rev|f_recip|f_balance|f_pair_pErec|f_pair_latency|f_outdeg_s|f_indeg_v|f_cn|f_status_s|f_status_v|f_status_gap|f_2step_sv|f_2step_vs|f_rc|f_mn_in|f_mn_out|f_jaccard_in|f_jaccard_out|f_adamic_adar|h_rsize,63244,31693,33946,22157,0.6527131326224003,0.8380947170198159,0.9019144204723086,1.3817929736585723,-0.0008084092802659315,-0.0017681211010994735,-8.490775500249492e-05
emaileu,30.0,day,y_dyad,LightGBM,GRAPH+GROUP_NO_SIZE,24,f_fwd|f_rev|f_recip|f_balance|f_pair_pErec|f_pair_latency|f_outdeg_s|f_indeg_v|f_cn|f_status_s|f_status_v|f_status_gap|f_2step_sv|f_2step_vs|f_rc|f_mn_in|f_mn_out|f_jaccard_in|f_jaccard_out|f_adamic_adar|h_team_turntaking|h_gir|h_r4_lead|h_team_leaders,63244,31693,33946,22157,0.6527131326224003,0.838868159352305,0.9034907394904681,1.3842079994016983,0.0007679097378935351,0.00010791299205316074,0.0017366603181282023
emaileu,30.0,day,y_dyad,LightGBM,FULL_HYPERGRAPH,25,f_fwd|f_rev|f_recip|f_balance|f_pair_pErec|f_pair_latency|f_outdeg_s|f_indeg_v|f_cn|f_status_s|f_status_v|f_status_gap|f_2step_sv|f_2step_vs|f_rc|f_mn_in|f_mn_out|f_jaccard_in|f_jaccard_out|f_adamic_adar|h_rsize|h_team_turntaking|h_gir|h_r4_lead|h_team_leaders,63244,31693,33946,22157,0.6527131326224003,0.8381556586709059,0.9019176843959601,1.3817979742070345,-0.0008051453566144673,-0.0015394931838271565,0.00016562350214565573
emaileu,30.0,day,y_dyad,LightGBM,FULL+CANDIDATES,26,f_fwd|f_rev|f_recip|f_balance|f_pair_pErec|f_pair_latency|f_outdeg_s|f_indeg_v|f_cn|f_status_s|f_status_v|f_status_gap|f_2step_sv|f_2step_vs|f_rc|f_mn_in|f_mn_out|f_jaccard_in|f_jaccard_out|f_adamic_adar|h_rsize|h_team_turntaking|h_gir|h_r4_lead|h_team_leaders|h_s_group_indeg,63244,31693,33946,22157,0.6527131326224003,0.8358430860042032,0.9012865389427617,1.380831017328654,-0.0014362908098128901,-0.002311859541345854,-0.0005087137142525511
emaileu,30.0,day,y_dyad,LightGBM,SELECTED,6,f_rev|f_pair_latency|f_status_s|f_2step_vs|h_team_leaders|h_s_group_indeg,63244,31693,33946,22157,0.6527131326224003,0.8310292123958591,0.8965566945698543,1.373584580668334,-0.006166135182720245,-0.007970055415492389,-0.004294552818824722
emaileu,30.0,day,y_mode,LogReg,GRAPH,20,f_fwd|f_rev|f_recip|f_balance|f_pair_pErec|f_pair_latency|f_outdeg_s|f_indeg_v|f_cn|f_status_s|f_status_v|f_status_gap|f_2step_sv|f_2step_vs|f_rc|f_mn_in|f_mn_out|f_jaccard_in|f_jaccard_out|f_adamic_adar,40526,19056,22157,10018,0.4521370221600397,0.7232069596581331,0.6691471638010704,1.4799654330545335,,,
emaileu,30.0,day,y_mode,LogReg,GRAPH+SIZE,21,f_fwd|f_rev|f_recip|f_balance|f_pair_pErec|f_pair_latency|f_outdeg_s|f_indeg_v|f_cn|f_status_s|f_status_v|f_status_gap|f_2step_sv|f_2step_vs|f_rc|f_mn_in|f_mn_out|f_jaccard_in|f_jaccard_out|f_adamic_adar|h_rsize,40526,19056,22157,10018,0.4521370221600397,0.7454495410197554,0.6855196858157855,1.5161768495328767,0.016372522014715063,,
emaileu,30.0,day,y_mode,LogReg,GRAPH+GROUP_NO_SIZE,24,f_fwd|f_rev|f_recip|f_balance|f_pair_pErec|f_pair_latency|f_outdeg_s|f_indeg_v|f_cn|f_status_s|f_status_v|f_status_gap|f_2step_sv|f_2step_vs|f_rc|f_mn_in|f_mn_out|f_jaccard_in|f_jaccard_out|f_adamic_adar|h_team_turntaking|h_gir|h_r4_lead|h_team_leaders,40526,19056,22157,10018,0.4521370221600397,0.8175937813953174,0.7761873208914238,1.7167081721891873,0.10704015709035342,,
emaileu,30.0,day,y_mode,LogReg,FULL_HYPERGRAPH,25,f_fwd|f_rev|f_recip|f_balance|f_pair_pErec|f_pair_latency|f_outdeg_s|f_indeg_v|f_cn|f_status_s|f_status_v|f_status_gap|f_2step_sv|f_2step_vs|f_rc|f_mn_in|f_mn_out|f_jaccard_in|f_jaccard_out|f_adamic_adar|h_rsize|h_team_turntaking|h_gir|h_r4_lead|h_team_leaders,40526,19056,22157,10018,0.4521370221600397,0.8201287192897089,0.774868747943936,1.713791859472329,0.10572158414286559,,
emaileu,30.0,day,y_mode,LogReg,FULL+CANDIDATES,26,f_fwd|f_rev|f_recip|f_balance|f_pair_pErec|f_pair_latency|f_outdeg_s|f_indeg_v|f_cn|f_status_s|f_status_v|f_status_gap|f_2step_sv|f_2step_vs|f_rc|f_mn_in|f_mn_out|f_jaccard_in|f_jaccard_out|f_adamic_adar|h_rsize|h_team_turntaking|h_gir|h_r4_lead|h_team_leaders|h_s_group_indeg,40526,19056,22157,10018,0.4521370221600397,0.820114485087564,0.7748874459919374,1.7138332142985981,0.10574028219086695,,
emaileu,30.0,day,y_mode,LogReg,SELECTED,9,f_fwd|f_rev|f_indeg_v|f_status_v|f_mn_out|h_rsize|h_gir|h_r4_lead|h_team_leaders,40526,19056,22157,10018,0.4521370221600397,0.8014636345080544,0.7485038857400309,1.6554801952826776,0.07935672193896048,,
emaileu,30.0,day,y_mode,LightGBM,GRAPH,20,f_fwd|f_rev|f_recip|f_balance|f_pair_pErec|f_pair_latency|f_outdeg_s|f_indeg_v|f_cn|f_status_s|f_status_v|f_status_gap|f_2step_sv|f_2step_vs|f_rc|f_mn_in|f_mn_out|f_jaccard_in|f_jaccard_out|f_adamic_adar,40526,19056,22157,10018,0.4521370221600397,0.7431092400102092,0.6810937347560426,1.5063878898971488,,,
emaileu,30.0,day,y_mode,LightGBM,GRAPH+SIZE,21,f_fwd|f_rev|f_recip|f_balance|f_pair_pErec|f_pair_latency|f_outdeg_s|f_indeg_v|f_cn|f_status_s|f_status_v|f_status_gap|f_2step_sv|f_2step_vs|f_rc|f_mn_in|f_mn_out|f_jaccard_in|f_jaccard_out|f_adamic_adar|h_rsize,40526,19056,22157,10018,0.4521370221600397,0.7923609485790724,0.7314975775137746,1.6178670218579263,0.05040384275773202,0.044737303051490776,0.05674040014822074
emaileu,30.0,day,y_mode,LightGBM,GRAPH+GROUP_NO_SIZE,24,f_fwd|f_rev|f_recip|f_balance|f_pair_pErec|f_pair_latency|f_outdeg_s|f_indeg_v|f_cn|f_status_s|f_status_v|f_status_gap|f_2step_sv|f_2step_vs|f_rc|f_mn_in|f_mn_out|f_jaccard_in|f_jaccard_out|f_adamic_adar|h_team_turntaking|h_gir|h_r4_lead|h_team_leaders,40526,19056,22157,10018,0.4521370221600397,0.8539787127712503,0.8203769577978592,1.8144432275830673,0.13928322304181662,0.12878565321755234,0.14752307330561668
emaileu,30.0,day,y_mode,LightGBM,FULL_HYPERGRAPH,25,f_fwd|f_rev|f_recip|f_balance|f_pair_pErec|f_pair_latency|f_outdeg_s|f_indeg_v|f_cn|f_status_s|f_status_v|f_status_gap|f_2step_sv|f_2step_vs|f_rc|f_mn_in|f_mn_out|f_jaccard_in|f_jaccard_out|f_adamic_adar|h_rsize|h_team_turntaking|h_gir|h_r4_lead|h_team_leaders,40526,19056,22157,10018,0.4521370221600397,0.8643736726565385,0.832755841089676,1.8418218377943654,0.15166210633363342,0.14357537360060743,0.15873566058112373
emaileu,30.0,day,y_mode,LightGBM,FULL+CANDIDATES,26,f_fwd|f_rev|f_recip|f_balance|f_pair_pErec|f_pair_latency|f_outdeg_s|f_indeg_v|f_cn|f_status_s|f_status_v|f_status_gap|f_2step_sv|f_2step_vs|f_rc|f_mn_in|f_mn_out|f_jaccard_in|f_jaccard_out|f_adamic_adar|h_rsize|h_team_turntaking|h_gir|h_r4_lead|h_team_leaders|h_s_group_indeg,40526,19056,22157,10018,0.4521370221600397,0.8607083080424756,0.8270255745850319,1.8291480990298017,0.14593183982898927,0.13768660984011266,0.15296849879475288
emaileu,30.0,day,y_mode,LightGBM,SELECTED,9,f_fwd|f_rev|f_indeg_v|f_status_v|f_mn_out|h_rsize|h_gir|h_r4_lead|h_team_leaders,40526,19056,22157,10018,0.4521370221600397,0.8572726559858453,0.8252157151249959,1.8251451986448928,0.1441219803689533,0.1358644854879902,0.15385894789805807
emaileu,30.0,day,y_group_exact,LogReg,GRAPH,20,f_fwd|f_rev|f_recip|f_balance|f_pair_pErec|f_pair_latency|f_outdeg_s|f_indeg_v|f_cn|f_status_s|f_status_v|f_status_gap|f_2step_sv|f_2step_vs|f_rc|f_mn_in|f_mn_out|f_jaccard_in|f_jaccard_out|f_adamic_adar,63244,31693,33946,3782,0.11141224297413539,0.8003507846511694,0.3255826932607393,2.9223241949838856,,,
emaileu,30.0,day,y_group_exact,LogReg,GRAPH+SIZE,21,f_fwd|f_rev|f_recip|f_balance|f_pair_pErec|f_pair_latency|f_outdeg_s|f_indeg_v|f_cn|f_status_s|f_status_v|f_status_gap|f_2step_sv|f_2step_vs|f_rc|f_mn_in|f_mn_out|f_jaccard_in|f_jaccard_out|f_adamic_adar|h_rsize,63244,31693,33946,3782,0.11141224297413539,0.8379536832703939,0.3680447718718911,3.3034499804239066,0.04246207861115181,,
emaileu,30.0,day,y_group_exact,LogReg,GRAPH+GROUP_NO_SIZE,24,f_fwd|f_rev|f_recip|f_balance|f_pair_pErec|f_pair_latency|f_outdeg_s|f_indeg_v|f_cn|f_status_s|f_status_v|f_status_gap|f_2step_sv|f_2step_vs|f_rc|f_mn_in|f_mn_out|f_jaccard_in|f_jaccard_out|f_adamic_adar|h_team_turntaking|h_gir|h_r4_lead|h_team_leaders,63244,31693,33946,3782,0.11141224297413539,0.9020374061599166,0.5037866146299728,4.521824542630633,0.17820392136923346,,
emaileu,30.0,day,y_group_exact,LogReg,FULL_HYPERGRAPH,25,f_fwd|f_rev|f_recip|f_balance|f_pair_pErec|f_pair_latency|f_outdeg_s|f_indeg_v|f_cn|f_status_s|f_status_v|f_status_gap|f_2step_sv|f_2step_vs|f_rc|f_mn_in|f_mn_out|f_jaccard_in|f_jaccard_out|f_adamic_adar|h_rsize|h_team_turntaking|h_gir|h_r4_lead|h_team_leaders,63244,31693,33946,3782,0.11141224297413539,0.9034083446242158,0.49677000716712966,4.458845759729081,0.17118731390639036,,
emaileu,30.0,day,y_group_exact,LogReg,FULL+CANDIDATES,26,f_fwd|f_rev|f_recip|f_balance|f_pair_pErec|f_pair_latency|f_outdeg_s|f_indeg_v|f_cn|f_status_s|f_status_v|f_status_gap|f_2step_sv|f_2step_vs|f_rc|f_mn_in|f_mn_out|f_jaccard_in|f_jaccard_out|f_adamic_adar|h_rsize|h_team_turntaking|h_gir|h_r4_lead|h_team_leaders|h_s_group_indeg,63244,31693,33946,3782,0.11141224297413539,0.9040363674524972,0.4986635279436039,4.475841385397562,0.17308083468286461,,
emaileu,30.0,day,y_group_exact,LogReg,SELECTED,26,f_fwd|f_pair_latency|f_outdeg_s|f_cn|f_status_s|f_status_gap|f_2step_vs|f_jaccard_in|f_adamic_adar|h_rsize|h_team_turntaking|h_team_leaders|f_indeg_v|h_s_group_indeg|h_r4_lead|f_rev|f_recip|f_2step_sv|f_jaccard_out|f_balance|f_rc|f_status_v|h_gir|f_mn_in|f_pair_pErec|f_mn_out,63244,31693,33946,3782,0.11141224297413539,0.9040363674524972,0.4986635279436039,4.475841385397562,0.17308083468286461,,
emaileu,30.0,day,y_group_exact,LightGBM,GRAPH,20,f_fwd|f_rev|f_recip|f_balance|f_pair_pErec|f_pair_latency|f_outdeg_s|f_indeg_v|f_cn|f_status_s|f_status_v|f_status_gap|f_2step_sv|f_2step_vs|f_rc|f_mn_in|f_mn_out|f_jaccard_in|f_jaccard_out|f_adamic_adar,63244,31693,33946,3782,0.11141224297413539,0.8097868134017381,0.33129551526863493,2.973600624354596,,,
emaileu,30.0,day,y_group_exact,LightGBM,GRAPH+SIZE,21,f_fwd|f_rev|f_recip|f_balance|f_pair_pErec|f_pair_latency|f_outdeg_s|f_indeg_v|f_cn|f_status_s|f_status_v|f_status_gap|f_2step_sv|f_2step_vs|f_rc|f_mn_in|f_mn_out|f_jaccard_in|f_jaccard_out|f_adamic_adar|h_rsize,63244,31693,33946,3782,0.11141224297413539,0.8511461116388878,0.3903202774544339,3.503387662207354,0.05902476218579894,0.049056630087865774,0.06866135871687305
emaileu,30.0,day,y_group_exact,LightGBM,GRAPH+GROUP_NO_SIZE,24,f_fwd|f_rev|f_recip|f_balance|f_pair_pErec|f_pair_latency|f_outdeg_s|f_indeg_v|f_cn|f_status_s|f_status_v|f_status_gap|f_2step_sv|f_2step_vs|f_rc|f_mn_in|f_mn_out|f_jaccard_in|f_jaccard_out|f_adamic_adar|h_team_turntaking|h_gir|h_r4_lead|h_team_leaders,63244,31693,33946,3782,0.11141224297413539,0.9109726163989406,0.5547160247605094,4.978950337525186,0.22342050949187447,0.20824681928614386,0.2357082054403932
emaileu,30.0,day,y_group_exact,LightGBM,FULL_HYPERGRAPH,25,f_fwd|f_rev|f_recip|f_balance|f_pair_pErec|f_pair_latency|f_outdeg_s|f_indeg_v|f_cn|f_status_s|f_status_v|f_status_gap|f_2step_sv|f_2step_vs|f_rc|f_mn_in|f_mn_out|f_jaccard_in|f_jaccard_out|f_adamic_adar|h_rsize|h_team_turntaking|h_gir|h_r4_lead|h_team_leaders,63244,31693,33946,3782,0.11141224297413539,0.9110670192442079,0.5475802660782982,4.91490209209252,0.2162847508096633,0.20132714734548168,0.23194923629157807
emaileu,30.0,day,y_group_exact,LightGBM,FULL+CANDIDATES,26,f_fwd|f_rev|f_recip|f_balance|f_pair_pErec|f_pair_latency|f_outdeg_s|f_indeg_v|f_cn|f_status_s|f_status_v|f_status_gap|f_2step_sv|f_2step_vs|f_rc|f_mn_in|f_mn_out|f_jaccard_in|f_jaccard_out|f_adamic_adar|h_rsize|h_team_turntaking|h_gir|h_r4_lead|h_team_leaders|h_s_group_indeg,63244,31693,33946,3782,0.11141224297413539,0.9057798112430471,0.5384819777612895,4.833238819958946,0.20718646249265454,0.1953828133220276,0.22147796996254474
emaileu,30.0,day,y_group_exact,LightGBM,SELECTED,26,f_fwd|f_pair_latency|f_outdeg_s|f_cn|f_status_s|f_status_gap|f_2step_vs|f_jaccard_in|f_adamic_adar|h_rsize|h_team_turntaking|h_team_leaders|f_indeg_v|h_s_group_indeg|h_r4_lead|f_rev|f_recip|f_2step_sv|f_jaccard_out|f_balance|f_rc|f_status_v|h_gir|f_mn_in|f_pair_pErec|f_mn_out,63244,31693,33946,3782,0.11141224297413539,0.9054858339718896,0.5445641933603236,4.887830805872434,0.21326867809168865,0.1984379502312893,0.22799016213767723
